USERNAME;TIME;REVIEW
zigbee333;8 months ago;Good long lasting smell. Staff were friendly and nice customer service.
Gabriel Trofin;10 months ago;I fell in love with this perfume, would be wonderful if I could buy it from Europe. Is possible to deliver in Italy?
Rachel Septania;8 months ago;Saff & co parfum ter the best ðŸ«¶ðŸ» â€¦
lucy vergitta;a month ago;Good products!
î£œ;î ;Share
Josefine Lin;4 months ago;Nice choice of perfume, all smell so good
Elistya Maghfiroh;a month ago;best service! thank youðŸ’—ðŸ’—ðŸ’— â€¦
jade nathaleen;7 months ago;have 3 of their perfume now 4!! always love it
Meily Indahwati;a month ago;good parfum, worth it to buy
ria utama;8 months ago;Always love Saff&Co perfume!
î£œ;î ;Share
keii;9 months ago;Nice perfume ðŸ˜ â€¦
Stefani Agustina;8 months ago;Smell good and kind staff. Thank you!
fyal Rifyal;7 months ago;stunning and awesome
hong tjhieng;8 months ago;Good service and good smell. Thanks
Bento Boxx;8 months ago;Ok bgt
Nafizah Nayyira;7 months ago;so happy
Putri Emput;7 months ago;goodâ¤ï¸
Felicia Angeliani;8 months ago;good service and nice stand
Yuliana P.S.;6 months ago;Nice smell!!
chaterine dewi;4 months ago;Great
Nindya Kalyana;9 months ago;as always my favee, saff n coðŸ¤ â€¦
M Faisal As'adi;7 months ago;Good Service Good Joob
Devani Al Fita;6 months ago;good service
anandamulia akbar;6 months ago;best services
Verlyn annele Wiono;8 months ago;good
Dila;8 months ago;Awesome fragrance
Cuap-Cuap;7 months ago;Good Service ðŸ’ðŸ‘ â€¦
Intan Cindikia;9 months ago;Smells good
Stella Maris;8 months ago;TOP BGT !!
claretta ivana;6 months ago;Choose the perfume so it's not random, the most awesome, try it right away! And it turns out it's really fun to be able to go straight to the saff&co store.. the ladies here are all patient and explain in detail about the products we asked about..
Audrey Ellison;6 months ago;The service is great, the staff are very friendly and polite. The place is also attractive, and the perfume lasts a long time.
Stevertkm A;6 months ago;The perfume is so delicious! There are soft scents, and there are also strong ones. The lady is friendly and wasn't stingy with the tester. I'll definitely be back when my perfume runs out ðŸ˜ â€¦
Priscilla Kandinata;6 months ago;The service is friendly, and the staff is very helpful. The scents of the perfumes are also very appealing, very nice!
Farhad Hamid;7 months ago;I got a lot of recommendations from Ms. Tiara when I visited Saff and Co. ðŸ‘ŒðŸ»ðŸ‘ŒðŸ»
;;
" it was a really good experience ðŸ˜ â€¦""";Like;î 
Admin Bycilla;6 months ago;The staff is super friendly, the service is great. The perfume smells delicious ðŸ˜ â€¦
Grace Kandinata;6 months ago;I really like all the products and the displays are attractive. During testing, they were very helpful and the staff were very helpful and friendly.
Shabrina RM (Brina);6 months ago;I like almost all the perfume variants ðŸ¥° â€¦
Ifan Rifai Hardiyanto;6 months ago;The service from the older brothers is the best. Xocolatl is the best perfume, you must buy it next time.
Adellia Devi Rahayu;6 months ago;The perfume is nice, there are various types of nice scentsðŸ˜ â€¦
nurul aida;8 months ago;The service is super friendly, if we are confused about the perfume, we can ask the sister for recommendations, and the sister will explain in detail ðŸ˜ðŸ˜ðŸ˜ â€¦
Almeida Putri;2 months ago;The ladies are nice, very good deal price ðŸ¤© â€¦
Lily Soesanti;6 months ago;I like the scent, it makes me feel confident. The scent is really strong for me.
Noviana;8 months ago;The sister is friendly, the service is good, in short, it is highly recommended, I will definitely always stop by when I need perfume
Intan Herayuningrum;a month ago;A truly long-lasting perfume.
;;
î£œ;î ;Share
Hengky Putra;8 months ago;For this local brand, it's really the best, especially the minouet SPL from der dor, the price is also pocket-friendly
Resandy Dwi;8 months ago;There are various kinds of perfume testers available, you can compare the various aromas directly.
Willy Darmawan Utomo;6 months ago;It was really helpful to have her older sister take care of us, providing alternatives to suit our tastes. The aroma choices are also unique.
Ahmad Faisal;5 months ago;The seller is great. Everyone is friendly.
Pria Wahyu S;6 months ago;The older sister is very informative in explaining to customers and is friendly of course ðŸ˜ â€¦
khoirur rahma;8 months ago;The older sister is very friendly, so you can know the fragrance directly, very informativeðŸ«¶ðŸ» â€¦
Amanda;8 months ago;The service is very friendly, and there are many variants and you can snifffffðŸ¤ â€¦
natalie rebec4;6 months ago;The perfume smells good and lasts a long time, I've been trying it since college. The staff is also very helpful and friendly!â­ï¸â­ï¸â­ï¸â­ï¸â­ï¸
Desan;9 months ago;Good service regarding perfume explanations, quite understandable. Good âœ¨
sivote1;8 months ago;The sister is very friendly. She explains things clearly, making me imagine the scent. Recommended, hehe
Nuraini Melika;7 months ago;So far, it's a perfume brand that people repurchase many times. Complete variantsðŸ‘Œ â€¦
steph curry;2 months ago;A perfume whose scent never gets boring. Highly recommended!
wulan nnn;5 months ago;really good serviceâ¤ï¸â€ðŸ”¥ â€¦
Richa Putri;7 months ago;Just wanted to try it, it smells really good, I like itðŸ¥°â¤ï¸ â€¦
Binti Rahmadtul Ulfa;8 months ago;Very good service, explained in detail. Top dehðŸ”¥ â€¦
sabrina amalia;7 months ago;the smell is really nice &&& the outlet is easy to reach!!!
putrianggita dewi;7 months ago;service mbak nyaa ramaahh bgt and ostaraa the bestt âœ¨âœ¨
Tiinz Tata;7 months ago;Friendly service
;;
î£œ;î ;Share
Farhanaz Jihan;2 months ago;The service is okay, the ladies are very friendly ðŸ¥° â€¦
jelly beans;7 months ago;The service is friendly, the older sister explains in detail
Salsa Billa Frisanti Sanin;7 months ago;I always like the smell, it lasts a long time ðŸ¥° â€¦
Kurnia Septi;7 months ago;I will come back to buy from here, the sister is very friendly.
Dian Trixie;7 months ago;the employees are friendly, patient in serving ðŸ˜ â€¦
Divia Bharati;6 months ago;Xocolatl smells delicious, and the service is good and the staff is super friendly. Thank you.
Neni Sagita;7 months ago;Beautiful sister, the service is very friendly,,
Albert Yuwono;7 months ago;The scent is long-lasting. Excellent extrait de parfume.
" Ms. Tiara explained all the products.""";Like;î 
Ziezie Yua;6 months ago;The Ostara series, I swear, smells crazy good...
î£œ;î ;Share
aichen jaklyn;5 months ago;my favorite perfume every day, it smells good and lasts a long time
Yayuk Sulistin;7 months ago;The perfume collection is delicious, and there's also a gentle and fragrant body lotion. The service is friendly and very helpful ðŸ˜ â€¦
anisa herliani;9 months ago;The perfume range is complete, and the scent lasts up to 12 hours. The price is worth it, just like the online price, and the service is good.
Alvi Cahya Lestari;6 months ago;Great service, friendly. Tried many variants, still friendly ðŸ˜ðŸ˜ â€¦
Leyla Puspita Wardhani;8 months ago;The perfume smells really good, I like it, the service is also friendly and very helpful, good job staff & co.
zefanya kurnioseputro;8 months ago;It smells good, the staff is friendly and helpful
Nur Vira Pratika Garini;6 months ago;Very friendly and helpful
reviana devi;9 months ago;The perfume smells good and lasts long, the service is also good, the sales staff are nice, finally there is an offline store so you don't need to buy online anymore so you don't have to wait long
Cilla Soedibjo;6 months ago;The scent lasts a long time. And the service is super duper friendly.
Aichen Jaklyn;5 months ago;Favorite perfume, I really like the long-lasting scent
Lisa Aditama;6 months ago;The perfume products are contemporary and the staff are very knowledgeable & friendly.
Intan Purnama;6 months ago;Friendly service and the perfume is delicious, especially the xocolatl one
jennifer lynn;8 months ago;really good, the service is really cool and the sister is really pretty hehehhehehehehe and also really nice!!!!
Cicik Rochmatillah;7 months ago;Friendly service, the available perfume variants are much more complete ðŸ¤© â€¦
Desi Wulandari;6 months ago;A local brand that is not inferior to international brands in terms of perfume aroma. Highly recommendedðŸ‘ðŸ»ðŸ‘ðŸ»ðŸ‘ðŸ»ðŸ‘ðŸ» â€¦
Uli Ekayuni Simbolon;7 months ago;Great service, complete range. The advantage of an offline store is that you can find out which scents you like.
Annisa Achma (Annisa Achma);9 months ago;Good service good job, super friendly service ðŸ¤ðŸ¤ðŸ¤ â€¦
Meyliana;6 months ago;The scent is unique. It's different from other brands on the market... I really like it.
zakiyatul fakhiroh;9 months ago;The service is good and kind, there's no need to ask about the perfume, it definitely smells good and lasts a long time ðŸ‘ðŸ‘ â€¦
Brandon Sugiono;a month ago;Good, friendly and good service
Sarah Abigail Bennett;2 months ago;the place is clean and smells really nice
Vinna Lie;5 months ago;Saff n co smells really good..
yul amiliyah;8 months ago;My favorite perfume! I wear Saff&Co every day.
î£œ;î ;Share
Ruru Amity;7 months ago;The staff is friendly.
;;
î£œ;î ;Share
Silvia Indriani;7 months ago;highly recommended and the best
Hiba Anindya;8 months ago;I'm willing to go up the escalator again because it suddenly smells good when I go down the floor, the Ostara is really delicious luvluv^^
Imro'atus Sholihah;6 months ago;The staff is friendly, the perfume is nice
Mega Lestari;9 months ago;The aroma is really alluring. The service is really good, friendly, so far, nothing is lacking. Let the stars do the talking.
Silvia Tjoa;7 months ago;The service is really good, just come here if you're looking for perfumeðŸ‘ðŸ‘ðŸ‘ â€¦
Miftakhul Huda;9 months ago;The perfumes are very varied, long-lasting and durable, the staff are friendly, their smiles are beautiful and sincereðŸ˜ â€¦
Gusti Ayu Gresia Angelica;8 months ago;The service is excellent, the lady is very friendly and helpful. I often repurchase here.
Aiman Adzman;5 months ago;Good service, friendly seller.
Ulfa;9 months ago;The perfume smells really good, lasts a long time, the service is friendly, I've been a regular customer of buying perfume here.
Dayita Nareswari;8 months ago;Very good! Great and friendly service!!
î£œ;î ;Share
Muhammad Barieq Akbar;9 months ago;Nice experience, the guys are friendly and very helpful and the booth is also nice, highly recommend coming
Ronna Rachma;9 months ago;A complete range of options, all sniffable. Enjoy your choice. The staff is also friendly. 100/10
Janice Swandoko;5 months ago;The service is great, the staff are very friendly and polite. The place is also attractive, and the perfume lasts a long time.
Vina Lie;5 months ago;Saff n co is very fragrant and long lasting
Yohana Harianja;5 months ago;The service is really great, top notch
Anis Riani;7 months ago;The most fragrant perfume and good service
Yoga Cakrayadi;9 months ago;The service is friendly and communicative in explaining the products, the fragrance is okay, all recommended ðŸ‘ â€¦
anditta lestari;7 months ago;The perfume is the same..
Neila Qolbi;6 months ago;had a good experience here.. sis is goodðŸ¤© â€¦
Jeansye yacoba Mumpel;8 months ago;The lady is very nice, the perfume is really nice
Angelina Infani;6 months ago;You're so kind, sis ðŸ¥°ðŸ¥°ðŸ¥° â€¦
Indah Saputri;6 months ago;good service, brother, friendly
Petrosida Gresik;9 months ago;Saff.co my new favorite perfumeðŸ˜ for athletes, it's really cool, var xocolatl â€¦
Miahing Anugrah Sentosa;7 months ago;Xocolatl is the best
Stock Opname DBW;5 months ago;Good and friendly waitersðŸ‘ â€¦
Asep (Heryyanto);7 months ago;Cheerful, friendly in providing service
fahmida ami;9 months ago;The service is very good! You can try many variants too
Shinta Putri;9 months ago;The sales staff are lovely and very friendly.
î£œ;î ;Share
Marisa Pratiwi;8 months ago;The perfume is delicious, the price is affordable, the service is friendly
Laily Arustiati;7 months ago;An ok and very friendly experience
Vandy Pras;7 months ago;Very fragrant & very cool
Nurul Faizah;6 months ago;Good service
Riskha Nur Ramadhani;4 months ago;very good service
Martias Aulia;6 months ago;The staff is very friendly and informative ðŸ«¶ðŸ» â€¦
Lolly Lolly;8 months ago;Good service, lots of perfume choices
Jane Madeleine;8 months ago;I LOVE IT SO MUCH! Her sister is so friendly even though she's just window shoppingðŸ«¶ðŸ» â€¦
salmon travel;6 months ago;It smells delicious polll. Long lasting.. muantepp
Novi Sukmasari;9 months ago;A perfume that has a delicious and distinctive aroma. Give it lots of discounts...ðŸ˜ â€¦
Sophia Kardiana;6 months ago;Her brother is so friendly!
dian Pratiwi;8 months ago;friendly and fast service
radina dewi sariva y;6 months ago;The smell is really strong and long lasting
Valentina Ratri;6 months ago;Thank you, my mother, it's good ðŸ¥°ðŸ¥° â€¦
Ivo Nila Permatasari;8 months ago;The older sister is very informative and all the perfumes smell good
Muna S;7 months ago;Loui and the newest sotb!! Sooooo delicious
Okkse 69;7 months ago;the perfume is long lasting and durable
May yusita sari;6 months ago;Friendly service
thalia andani;8 months ago;good serviceðŸ‘ðŸ¼ â€¦
Pucca Juliacia;6 months ago;The service is very good
Girls Nona;7 months ago;Friendly and satisfying service
02_Aditya Daffa Pratama;8 months ago;I like every product, the fragrance is really niceðŸ˜­ðŸ˜­ â€¦
Atria Primanda Argityasari;9 months ago;The staff is very friendly and helpful!! The smell is delicious!!
The Jemberyan;8 months ago;great service
Herna Cynthia;9 months ago;The smell is delicious, the lady is also friendly and very helpful.
Aisya Ilyasi Fatmala;6 months ago;Her brother is friendlyðŸ¥¹ðŸ’– â€¦
Tifanny Cornelia;8 months ago;There are lots of nice perfumesâ€ ðŸ¥° â€¦
Rachma Sari;9 months ago;The place is easy to find. The staff is friendly and the collection is comprehensive.
Hikmah Sukma;5 months ago;Friendly service, Ms. Tasya
abu anas;9 months ago;The lady is very friendly and the perfume smells good
Faza Alin;7 months ago;good and friendly service
Densy Violina;9 months ago;The aroma is fresh and not nauseating. I haven't tested its durability yet.
Dany wijaya;6 months ago;Durable and long-lasting
Nur Afidah;6 months ago;The smell is strong and fresh
Aidia Creative;6 months ago;Durable and long lasting.. ðŸ‘ðŸ‘ â€¦
Erlin Soetrisno;8 months ago;The perfume smells nice and elegant
Nina Marta;6 months ago;make all people proud
Tirza Angga Hapsari;7 months ago;The perfume is really nice
SADNA EGA KRISTANTI;9 months ago;The service is friendly, it smells delicious
Detia Putri97;9 months ago;Favorite perfume
Erika Fitria Fitria;9 months ago;There are many fragrance choices, and they last a long time
Adiena chinta Aprivistya;9 months ago;I love it. Her sister is beautiful.
Daffa Damara;9 months ago;The service is good and the promotions are attractive
Kett;8 months ago;The service is good
Poetry Niva;6 months ago;His brother is friendly
Fayza Intan Sidikoro;9 months ago;Complete variants and friendly service ðŸ‘ðŸ‘ðŸ‘ â€¦
livana;8 months ago;her brother is so nice!!!
Yen2;8 months ago;The smell lasts ðŸ‘ðŸ» â€¦
Audry Sitanggang;9 months ago;You can try the good serviceðŸ‘ðŸ‘ðŸ‘ â€¦
Illaria Octa;6 months ago;good and friendly service
Stevani Yono;8 months ago;The perfume is affordable ðŸ˜† â€¦
Sayyid Az syarif;6 months ago;The best, second to none
Reza Fardiyan As'ad;7 months ago;Friendly service
Juwita Itaa;8 months ago;Durable and cheap s
ADELIA YULIANTI;6 months ago;Durable and long lasting
Novi Novita;9 months ago;The fragrance lasts long ðŸ˜ â€¦
senja aprillya;9 months ago;Favorite: Ira Leima âœ¨
dhevil king;5 months ago;Good service
eny indrayati;7 months ago;Friendly
Arul Khalif;4 months ago;Friendly good
Jerry Wardhana;6 months ago;Excellent
Yedija Christian;6 months ago;Delicious
Z.M SHOLIHAH;6 months ago;Okay
î£œ;î ;Share
William Imanuel Santoso;9 months ago;excellent service
Maya Pala;8 months ago;Niceeee and informative to customers ðŸ¤ â€¦
Gitaefff;6 months ago;It smells good
Nesya Thalia;9 months ago;everyone likes the fragrance
Yohana Mayza;9 months ago;LOVE IT BGTT
VALENCIA CHRISTINE;8 months ago;Good service â˜ºï¸
Anggie Putri;8 months ago;lots of discounts
Yoanita Ardiati;7 months ago;Good perfume
Shania Novita;9 months ago;Bestttttt
zulmaidi kasmi;8 months ago;Very good
Cahya Putra;8 months ago;Good service
alpha belv;9 months ago;Honeycomb ðŸ”¥ðŸ”¥ðŸ”¥ â€¦
Mario Thomas;a week ago;Saff n Co Xocolatl is very pleasant on the nose, top class
debora devie;a week ago;
Tito Tanriady;2 months ago;
Putri Febriana;2 months ago;
Muisya Sasa;4 months ago;
Budi Suhendra;4 months ago;
Felita Milka Angelina;4 months ago;
Intan Nalina Nur Sabilla;4 months ago;
Mega Karmilaa;6 months ago;
rofi dhiyaurrahman;7 months ago;
ervina kurniawati;7 months ago;
Erna Widiyawati;8 months ago;
Jocelyn Stella;8 months ago;
setiadi hartono;8 months ago;
Diana Faradiba;8 months ago;
matrabak manis;8 months ago;
Nikita Bella;9 months ago;
Apryana Sitorus;9 months ago;
Rr. Anindita Nabilah;9 months ago;
Wiwien Irmawati;a week ago;Please, if you know the contact information for Heaven Scent Matos, please provide the information.
Alifiah Manda;3 weeks ago;Very disappointed with the handling of this store. Just bought it and it was still sealed with a warning on how to open the perfume cap, there was even a bill in the bag. It turns out the spray cap was not properly closed, so it was very â€¦
" please send them to this number 0812211114. We will continue to improve the quality of our products and services in the futureðŸ’–ðŸ™ â€¦""";ãƒ»;See original (Indonesian)
Wisdom Neo;a month ago;Is there linen spray at the off-store?
Nova Pramiyanti;3 months ago;The employees are very friendly and very satisfied with the service, they even gave me free lemon tea while I was waiting ðŸ¥°ðŸ¥° â€¦
verry yuliasari;5 months ago;The durability is not like before...now the fragrance disappears very quickly...even though it is very intense
" please contact our admin. We will continue to improve our product quality and service in the future. â€¦""";ãƒ»;See original (Indonesian)
Fransisca Nuning;5 months ago;Located on the 2nd floor of MATOS.
;;
" even accommodating fussy mothers who ask for â€¦""";ãƒ»;See original (Indonesian)
Widyana El Choiri;6 months ago;First time buying perfume here, the lady is very friendlyðŸ˜ â€¦
Yelena Swastika;7 months ago;"Honestly, I like some of the variants because I think the scent is ""expensive"", doesn't make me dizzy, and is long-lasting. If I spray it on clothes, the scent still sticks for the intense variant even after washing. Because previously I â€¦"
" please contact our admin. We will continue to improve our product quality and service in the future. â€¦""";ãƒ»;See original (Indonesian)
Eva Nggeline;7 months ago;I'm really sorry, I'm giving you a review like this. Brother, the girl is really bitchy, after looking at it for a long time, like whispering, talking to each other, sharing samples while talking to me, it seems like she's not polite, but â€¦
" please contact our admin. We will continue to improve our product â€¦""";ãƒ»;See original (Indonesian)
Meilinda Salsa;7 months ago;didn't last long, bought 2 more
" please contact our admin. We will continue to improve our product quality and service in the future. â€¦""";ãƒ»;See original (Indonesian)
Ivan Akhmad A;8 months ago;
Hafi Atirza;9 months ago;The bottle cap is hard to open twice, it has been replaced, and when I opened it again, it was broken and couldn't be closed, spilling everywhere. Oh my, please fix the packaging! I went back and forth to the mall so I was far from home, people said not all the packaging was like that, but it was already broken twice at the store too.
" please contact our admin. We will continue to improve our product quality and service in the future. â€¦""";ãƒ»;See original (Indonesian)
sellaappelia;a year ago;When I was traveling, I was given the one above, but I don't know what variant it was, but it was really delicious.
Salsabila Nisa (Salsa);a year ago;Buy 1 get 1 but the variant you get can't be chosen according to what we want. The one that determines which variant you get is the store. Yesterday I wanted to take the one that she was confident in, but the lady said it couldn't be free, â€¦
Tya Ayu Agustin;a year ago;"The packaging only uses plain spunbond, really plain without the words ""heaven scent"" written on it, hahaha"
" please convey them to our admin. We will continue to improve the quality of our products and services in the futureðŸ’– â€¦ â€¦""";ãƒ»;See original (Indonesian)
Devi Permatasari;a year ago;I'm disappointed.. I bought the very intense one but after using it for a short time, the smell disappeared.. they say the smell leaves a trace.. it lasts a long time.. but that's all not true.. I'm really disappointed..
" please convey them to our admin. We will continue to improve the quality of our products and services in the futureðŸ’– â€¦ â€¦""";ãƒ»;See original (Indonesian)
bisky morista sayoga yoga;a year ago;
DJ Bellavie;a year ago;the service is good, the people are friendly, the product is also okay
siwaslih pamotantps01;a year ago;very good
Faiz Arya;a year ago;Okay
Gadis Fitria sari;a year ago;my favorite perfume...always love the scent
Faiz lukman Hakim;a year ago;It's not good enough if you respond to customers whose perfume recommendations are also not good enough
Hakim yudhistira;a year ago;The best perfume, the fragrance is great
nabillaa putrii;a year ago;good, friendly
Sekar Sayekti;a year ago;Great scent
stvns _ch;a year ago;SO COOLâ¤ï¸â¤ï¸â¤ï¸ THE EMPLOYEES ARE FRIENDLY 10/10
Devrita Irenike;a year ago;Favorite perfume.. There's always a bonus every time you buy at Matos
PIETER HISKIA;a year ago;
ABDUN ABDIERA;a year ago;The perfume is delicious, best seller, recommended.
salsabila asshifa;a year ago;I'm so happy to buy perfume here, I can play free games and get free body wash/perfume!!!
aristy juniar;a year ago;The service is very good, the perfume is also very nice and long lasting
nur shinta;a year ago;Always repurchase here!! The fragrance is quite long-lasting with an affordable price.
Maya dwi Ermiliya;a year ago;The service is good, the ladies are friendly
Lovely Cutes;a year ago;Very friendly staff!! Good service, patiently waiting for customers
Farencia Diah;a year ago;The service is really great.
D Holidays;a year ago;Very fragrant.
Vintiara Fairus;a year ago;
amelia elsa;a year ago;Good
Inggar Dwi Pangestu;a year ago;I really recommend the perfume here, the smell lasts a long time
acel.;a year ago;Friendly service, the perfume is the best âœ¨âœ¨
Vanissa Punel;a year ago;
dina bhintaria;a year ago;Good service
Abi Wahyu;a year ago;There's no doubt about the heaven scent
Muhammad Anugrah Ramadhan;a year ago;The perfume is very good
Helma Chika Oktaviani;a year ago;Just bought perfume here, the service is good, got another free perfume, really cool
Geizha nathania;a year ago;will subscribe to
mezaluna dhea amanda;a year ago;
Andika Maulana;a year ago;good experience!
NOVRIDHA RAFI'A;a year ago;
ghania salsabila;a year ago;
Yanuar Aditya Raharja;a year ago;
Akhmad Ghordy;a year ago;Buy 2 perfumes and get 1 free when playing roulette, haha
vgxisbÂ¿;a year ago;The perfume smells long lasting too
Adelia Anindita Sumantri;a year ago;Highly recommended for those looking for perfume!
cantikadias nafiaturrosyida;a year ago;
Dyah Wahyu;a year ago;Good service ðŸ”¥ â€¦
Sintri Anggraeni;a year ago;Good service
Dayat Ikrim;a year ago;
Nining Wahyuni;a year ago;
Muhammad Nafil;a year ago;Cool, good and friendly service
chusnatul ulaela;a year ago;Good service, long lasting perfume
Nurdiansyah Saputra;a year ago;Comfortable place, long lasting perfume, good service
Choco Banana;a year ago;Excellent
mama bos;a year ago;
Natanael Anggono;a year ago;
Pros â€¢ M12e;a year ago;
Arini Rosyadi;a year ago;The service is friendly, and the fragrances are very varied. First time buying and getting a promo, yay ðŸ˜ â€¦
Vania Anggun;a year ago;
Nadiippp;a year ago;The smell of the perfume is highly recommendedðŸ˜ â€¦
Alistya Fikri Pratondo;a year ago;Good service
Febry Arya Setya Wibawa;a year ago;the fragrance lasts long
Raditya Putra;a year ago;
sany dinda;a year ago;
Thattyana Giesella Ferrari Putri;a year ago;
Adilatul Alia;a year ago;
JIYAD HILAL HAWARI;a year ago;The aroma is really delicious
Ainur Azis;a year ago;Always a favorite to buy the best perfume
Intan Febrianti;a year ago;So, so, so disappointed!!!ðŸ¤¬ðŸ¤¬
 there was no solution at all;Translated by Google;ãƒ»
icha putri;a year ago;
Maisaroh dairypro;a year ago;The perfume is really good.....recommended
10_14_Yunita Dwi Lestari;a year ago;Good, friendly service
dinun arzana;a year ago;Good, lots of choices
marka narendra;a year ago;worth the price, fragrant
hana attaumi;a year ago;ðŸ¤ðŸ¤ðŸ¤ðŸ¤ðŸ¤ðŸ¤ â€¦
yurike kunardewi;a year ago;Friendly service, and requests for more than two testers are still accepted. Success and growing sales, sis.
Dewaputra 1986;a year ago;Friendly, fast service...
;ãƒ»;See original (Indonesian)
Calvin;a year ago;I really enjoyed shopping for perfume here. The service is excellent, friendly, and very good. The perfume is highly recommended and won't break the bank. The scent is perfect for everyday use, picking up kids from school, social gatherings, or just hanging out at the mall and shopping at the supermarket.
Reza Herma;a year ago;This is my first time buying here, and I immediately fell in love with the Halloween and Her products. I'm a regular, but I hope they last. Keep up the good work, HS.
Ali Nurdin;a year ago;
Krishna Ananda Rizky D_09;a year ago;
Selsa Bathari Trixie Tsabita;a year ago;the service is great! beautiful brother
Dimas Saputra;a year ago;
Arino Theara;a year ago;Very helpful staff, first time ever buy perfume here and they leave a good impression.
Anma;a year ago;Nice place to buy perfumeâœ¨âœ¨
Nurmala salsabila;a year ago;
Izzah Rahilatissafira;a year ago;5 star service
Endah Priyanti;a year ago;Great, bro, friendly, Poul
ISTIYO MAULANA;a year ago;
Mesri Ayu Ningsih;a year ago;Thank you, bro, the service is great, highly recommendedâ¤ï¸
uci wulandari;a year ago;"They said it lasts a long time, I bought the 180 thousand one, but after a few hours there was no smell. I told my friend that I bought a perfume that cost 180k. She said ""hahhhh it's really expensive"". The sales lady was also not very â€¦"
Salsabella Aurelia;a year ago;I've bought the expensive one but the smell doesn't last long even though they say it lasts a long time
Dita Amanda;a year ago;The smell doesn't last, just spray it and the smell is gone, the price is 180k but it's not worth it at all
Khamidatur R;a year ago;not durable but expensive, not worth it.
Muhammad Rafi;a year ago;good service, keep it upðŸ˜ â€¦
Yuana Yuant;a year ago;Ramahhh2 mbk nya
Irma Rahmadania;a year ago;delicious lol
Ulfatuzz Zahroh;a year ago;good service, good recom, good comunication
Akhmal Hafiz;a year ago;
aura sabina;a year ago;
Joanna Kayra Nurdjalim;a year ago;
Stockpremium 063;a year ago;
Ema lenita Anjelina;a year ago;Highly recommended
Andini Putri Ramadhani Asis;a year ago;friendly service
Natali;a year ago;Friendly service
Imelda Octavia;a year ago;
Hafizh A.;a year ago;The quality of the perfume is good, the service is also friendly and goodðŸ‘ðŸ‘ðŸ‘ â€¦
Boyong Rejeki;a year ago;
Gabriella Caroline;a year ago;"""The variants are delicious"""
Elisabeth Apriliani;a year ago;The perfume is really great and smells great, there are lots of choices too, it's really greatðŸ¤©ðŸ¤© â€¦
Alya Chimott;a year ago;
Vindy Maulinna;a year ago;The perfume is nice, the service is friendly
308_Hilda Urliajs;a year ago;The lady is really fun, there are lots of choices of perfume that we want and the perfume that we choose is right. Just tell us what kind of perfume scent you want.
Hardya Ariyadi;a year ago;The place is clean and very aesthetic, plus the ladies are really friendly
Della Friska Dewanti;a year ago;The perfume is addictive, the service is good
Papinto Alsyano Tafarrel;a year ago;
twisty henras;a year ago;Complete perfume store
Bella SAN;a year ago;LOVE IT SO MUCH!!!
Pius Leo;a year ago;
sinidar;a year ago;
Wahyu Cahya Wulandari;a year ago;
Deni Pratama;a year ago;The service is friendly, there are lots of perfume variants tooðŸ”¥ â€¦
34. Yolanda Septiana;a year ago;
muhammad uwais;a year ago;Friendly service
fatimah azzahra;a year ago;The service is really good and it smells good too
Muhammad Munir;a year ago;Playanan very good
Ferdinand Rio;a year ago;the best perfume place in Malang
Rani Ariefah;a year ago;Fast service...friendly...go ahead and buy perfume here
Muchammad Ryan Afif;a year ago;friendly service, nice smell, quite varied
Septyaning Mutiara;a year ago;
Lorain Elisabeth;a year ago;ðŸ¤©ðŸ¤© â€¦
erlang jeuram niaga;13 hours ago;Friendly and smiling service. Very fast response.
hayat Mukhtar;17 hours ago;Best service...best perfume...best Nichol service...ready to explain everything you ask
nurul akmar nutman akmar;17 hours ago;Perfect smell!!!
Amir Ikhwan;17 hours ago;Bintang 5
Pasukan Bawang;17 hours ago;HMNS the only best perfume in universe.
Amir Haha;17 hours ago;the best perfume indonesian ever made. HMNS is my soul.
Rizky Hidayat;18 hours ago;A seamless experience buying a perfume at this offline store. Nichol the guy serving me today was very hospitable and welcoming! Thank you
Hafiz Irshad;a day ago;The experience is very good, the smell is long lasting, the price is okay. Highly recommend, it's superb!!
Virgo Hando;a day ago;It smells good...and the service from Kak Agri is really good...it really sells well
Azura Rahim;a day ago;Good services.Agrea, very friendly & helpful service
Hafiz Hamid;3 days ago;Staff very friendly! Thanks to Hafis for entertaining me and wife. Pray for the best! Thank you again 
Laurentco;a week ago;The service was very friendly, and the lady helped explain the products clearly. The display area was neat and complete.
Yohanes Edward;a week ago;Great service, Good quality
Sofian Sudirman;a week ago;Very good experience, very helpful especially Nichol! Mantap!
Dita Anggraeni;a week ago;An exceptional shopping experience at HMNS Jakarta. The staff was incredibly helpfulâ€”offering recommendations that perfectly matched my taste. Friendly, knowledgeable, and made the whole process enjoyable. Highly recommended! âœ¨
enny zaki;a week ago;Good service..... Very friendly..... Nice smell we bought 12 item....
Azhar Sidek;a week ago;
Suryani Haron;a week ago;good customer serviceðŸ‘ðŸ½ðŸ‘ðŸ½ðŸ‘ðŸ½ â€¦
Amelia Mohd Shekar;a week ago;
norzahira Zaki;a week ago;
Farhani Aqilah;a week ago;Smell so good. The seller so nice.
Evana Ardelia Rein;2 weeks ago;Friendly service, very helpful, thank you Mba Agry and Mba Aulia
Faradilla Kamarulkhizan;2 weeks ago;Good service ðŸ‘ðŸ‘ðŸ‘ðŸ‘ â€¦
Devia Ksyaw;3 weeks ago;masss nicholl very good the bestt
pindi nurjunifar;a month ago;I really like the scent, I've repurchased it many times and I really like it. I was served by Agry, she was very friendly and very informative, I really love AgryðŸ’™ â€¦
astromoonstars;a month ago;The fragrances are varied and last for 6-8 hours. Agry's service is very informative and very friendly. ðŸ«¶ðŸ» â€¦
Ameer Haikal;a month ago;Excellent service from the staff. Superb
Ina Wijaya;a month ago;Meet with the friendly person at the store...SUCCESS.
;;
;;î£œ
Alba;a month ago;Thank you for your assistance and kindness dear kak Nichol and kak Aul. Xoxo, Becky ðŸ«¶ â€¦
Ferry Andreansyah;a month ago;So
Afif Mics;a month ago;good service
Retno Triwijayanti;a month ago;The staff were very helpful and informative, and they were really cool. ðŸ‘ðŸ¼
" and the prices are good. â€¦""";ãƒ»;See original (Indonesian)
Angela Roberto;a month ago;Plus, you'll get a linen spray sample, a pouch voucher, and free perfume. Go local! ðŸ¤ â€¦
SYZ QASEH HOUSE;a month ago;Good service
Roshan Ravishankar;a month ago;
crohmosphere;a month ago;HIGHLY RECOMMENDED, THE MASTERS ARE VERY FRIENDLY ðŸ˜˜ðŸ˜˜ðŸ˜˜ really allowed to try to use as many as possible so you know which one to buy, the price was also very surprising because it was still cheap?? in shopee the price is around 300, here it â€¦
Afif Azfar;a month ago;BEST GILA SHOPPING
Nur Adeeba Syarmeen Hasnul;a month ago;
Henrick Boen;a month ago;great service, nice parfume collection ðŸ¤ðŸ’œ â€¦
Shahira Syahidah;a month ago;staff very friendly ðŸ‘ðŸ» â€¦
Amirul Amrey;a month ago;Best service ever â¤ï¸â¤ï¸
Jazlan Ahmad;a month ago;Great service, nice offer, recommended!
Nissy;a month ago;
Naufal Fajrian;a month ago;Great, the service is good, recommended, you must come here
G L;a month ago;Nabil great job
Nadya Nathalia;a month ago;Beli Alpha sama Sore fragrance mist.. love the smell!
;;î£œ
Roselin Agustina;a month ago;My fave unrosed.. You have to try
" good explanation â€¦""";;
fatihah zumara;2 months ago;First time coming to Jakarta because there are lots of viral items, and then I saw someone reviewing them on TikTok and then I came here because I was feeling FOMO, wkkk
Nur Adilah;2 months ago;The perfume is very fragrant!! The staff here are very friendly and helpful
Muhammad Nabil;2 months ago;Cheap perfume and it smells great, just go ahead, recommend staff name Aulia
Nurul Fattahiah;2 months ago;The perfume here is the best! The staff, Aulia, is very kind! Service 5â­
NORIYAH BINTI ZAKARIA (MOHR);2 months ago;Nichol as the salesmen explained very well
Aishah Abdullah;2 months ago;The best perfume ever n also the best service ever
Nugroho Prananto;2 months ago;favorite perfume shop, have bought here several times and always satisfied, friendly service, and the perfume is long lasting and durable
Nelson Neoæœ¬å°åˆ©å¤§;2 months ago;Now can find this premium scent in TRX KL Malaysia! Love it!
Rizal Andani;2 months ago;Thank you, Sis Fauziah, very helpful in providing information for shopping at H&M.
Mohammad Zainuddi;2 months ago;Nice n staff friendly
Gulgul generation;2 months ago;A great service from Nichol...
Nadia Shah;2 months ago;Best service by all staff especially Nichols. Scents are lovely and worth the price!
amy lia;2 months ago;The perfumes smell so nice. Bought the alpha and Farhampton.
fatmahabkadir;2 months ago;good product
anith ramli;2 months ago;Best customer service!
Haver Yesayas Kaunang;2 months ago;Very good service.. always complete variants!
lielie s5;2 months ago;The store is neat and clean, the service is friendly, the staff...
Qish Shirmy;2 months ago;Nichol & Dewi very attentive . Great help when dilemma to choose ! Thanks!
norlizaabdullah abuhassan;2 months ago;Very helpful n many stock
Farah Shafie;2 months ago;Promoter very helpful we like it
Nurul Shayhira;2 months ago;It smells so good.
IZZAY SINGIN;2 months ago;Good and best smelling perfume
Ain Nabila;2 months ago;If you want to buy HMNS, go buy it here. Friendly promoter and good service. Lurve from MalaysiaðŸ«¶ â€¦
Sabrina Rashid;2 months ago;Good services! Greetings from Malaysia
marsyaaz;2 months ago;
Fitriyah Hasibuan;2 months ago;Segerrrr
Fitry Munthe;2 months ago;Smells so good.
Aditya Rafaell;2 months ago;Very very satisfied
Faiq Abdul;2 months ago;the perfume is really great
Firdaus Ahmad;2 months ago;I visited HMNS at Grand Indonesia West Mall (Jakarta) to assess both the retail environment and the personalized fragrance guidance offered by their Scent Philosophers, particularly Dewi. The flagship presence of HMNS in a high-traffic, upscale mall reflects a deliberate positioning of the brand as accessible yet curated.
nur shahirah;2 months ago;The service is very good, the staff is friendly and helpful. The smell is long-lasting and the price is worth it. The shop is also neat and comfortable. Highly recommended! And you get free perfume too, thank you Dewi and Rike ðŸ˜˜ â€¦
Michelle Aprilita;2 months ago;good services
mohd hazwan noor ilias;2 months ago;
Whelly Yuliana;2 months ago;Very satisfying service, I like it
Adibah Hashim;2 months ago;
Noor Iliana;2 months ago;the perfume smells so good and the service is on top!!
Helena Hamzah;2 months ago;Very good service by staff
Noor Shasha;2 months ago;Very Good Sales Associate and very good perfume for an indonesian brand ðŸ«¶ðŸ» â€¦
Wani Sabrina;2 months ago;
IZF ENGINEERING SB;2 months ago;Have a great experience attended by Salesperson, Dewi..
;;î£œ
Anis Wlndry;2 months ago;
Muhammad Fuad Martha;2 months ago;Good Promo Buy 3 Get 1, Good Sales Lutfi, Adri, Aul
Bird88 Rmy;2 months ago;great service! â˜º
Dylla Azza;2 months ago;Good service..very cheap price..smells great
Nor farahuda;2 months ago;the best perfume ever
Syed Nadzeem;2 months ago;Best recommendation by Dewi
Qaid Qasir;2 months ago;Nice smell, good service, tq mbak aulia, agry, sidiq and dewi, good job guys
McDann;2 months ago;agry,aulia...thanksss
Azureen Batrisyia;2 months ago;Love the experience in hmns grand indonesia ðŸ¤ðŸ¤ especially with SA with Aulia, Agry, Sidiq & Dewi  !! â€¦
balqish nasthasa;2 months ago;Aulia, Agry & Sidiq good serviceee !! 100%
idayu hashim;2 months ago;Aulia & Agry good service from them !!
raca capu;2 months ago;The lady is friendly and the perfume is really the best, HONESTLY
reni rosanti;2 months ago;The scent is addictive. The service is friendly and explains the aromas in detail.
Fauziah Azima;2 months ago;One of the recommended perfumes, from the fragrance to the packaging to the price, it's really good
desrina jr;2 months ago;Ladies, be goodðŸ¤— â€¦
NAZRIN SHAH;2 months ago;staffnya nama Agry & Aulia the best service give for me
anak Kambing;2 months ago;everything is the best . Agry n aulia is the best ! ðŸ‘ðŸ»ðŸ‘ðŸ» â€¦
Elyss Faisal;2 months ago;Very friendly staff and good service - definitely recommend coming here!
Ledina Bahasuan;2 months ago;Store: Neat and clean
;;
Translated by Google;See original (Indonesian);î£œ
Intan Andhini;2 months ago;The service is very good, and very friendly.
Haura Liew;2 months ago;The scent ORGSM smells absolutely amazing â€” rich, captivating and very addictive. It lasted around 6â€“7 hours on me while staying indoors, which is impressive. â€¦
Ririn;2 months ago;The staff is really great. I've been using hmns for 5 years and I really like itðŸ¥° â€¦
iman danisha;2 months ago;Good service from ms dewi, TQ! had fun trying the perfumeee
Iza Emilia;2 months ago;Great services by Dewi & Sidiq during our perfumes purchase here.
Survieyan R;2 months ago;It smells good... the staff are helpful and friendly
Ahmad Azwan Bin Abdul Halim -;2 months ago;
nur atiqah;2 months ago;Nice
Nunu Nana;2 months ago;Nice
Dicky DS;2 months ago;Everything is complete and fragrant if you buy it here
Vandana Nursantri Gusti Putri;2 months ago;Always get discounts here. Complete range of products. The best!
Nazlin Mohd Nazari;2 months ago;These employees are really good!!!
Dian Eka Anggraini;2 months ago;The first and most comprehensive HMNS outlet
Translated by Google;See original (Indonesian);î£œ
tri ratna;2 months ago;I really like the scent of the perfume, the service is also very friendly and helpfulðŸ‘ðŸ‘ â€¦
rahmawati heryanto;2 months ago;Finally, I was able to sniff the perfume I was looking for and it turned out I liked it, so I immediately wrapped it up... with the help of my super helpful sister â¤ï¸
Nazira Moulidannisa;2 months ago;The fragrances are unique and interesting it makes me drawn to it. Love the humble staffs too! very helpful. Would definitely come back.
pwony;2 months ago;The service is very good and informative
Dyas Edwar;2 months ago;
Lindoo Lena;2 months ago;Nice
ALFFERA DEANNA WONG;2 months ago;
Noor Azmunifah Binti Noorzain;2 months ago;agry . good service
Iing Ing;3 months ago;I bought HMNS at the GI store and was served by the sales representative, Shidiq, who was very friendly, helpful, and also had excellent product knowledge.
Translated by Google;See original (Indonesian);î£œ
amirah aryssa;3 months ago;The sister who works at the store is so good, thank you, sister Agry!!!!
Amirah Afiqah Mohd Nordin;3 months ago;Sis Agry is very friendly and patient in serving us. Lurveee
Tyo Adhisastra;3 months ago;Shafira
Muhammad Reza;3 months ago;"Thumbs up for the product ""City of hope"" also Shout out to Mba Agry for the great afternoon smile & the jokes ðŸ˜…ðŸ™Œ â€¦"
MAGDALENA SILALAHI;3 months ago;The service is good, thank you, Ms. Aya.
Noor Aliya Noor Azlan;3 months ago;Very good service, love the smells of the perfume
Ulfarisya Umar;3 months ago;Nice local perfume
Joan Roma Carolina;3 months ago;had a great shopping experience. the perfume smells elegant and lasts long. Ms. Agry super helpful, kind, and friendly!!
MS;3 months ago;the best local brand ðŸ˜®â€ðŸ’¨ â€¦
Bebalazi Immanuel;3 months ago;Good service, Sis Sonia
Monika Elatranita;3 months ago;The official hmns store closest to my house.
Translated by Google;See original (Indonesian);î£œ
Vivi Fitriyanti;3 months ago;Came to GI store to purchase Reed diffuser but the staff is not polite especially that mbak2 tidak ramah. Hopefully they can improve the service. Thank you
Cikgu Shuhaiba;3 months ago;Great service, great service. All the perfumes smell greatðŸ˜ðŸ˜ðŸ˜ðŸ˜ â€¦
Pretty Pie;3 months ago;Good service
Joshua Christianto;3 months ago;Always love the hmns variant! One of the best local perfumes
Bagas aryo;3 months ago;The sister is very kind, the service is friendly, the price is cheap
Cindy Sobrina;3 months ago;bessttt parfume i know
Jonathan Tjandra;3 months ago;Friendly staff, good scent, good deal
Romi Akbar;3 months ago;Indonesian scent that you should never miss to try
ASTER MANAO;3 months ago;Good perfume, friendly service
april yantie;4 months ago;HMNS. The scent is good and long lasting.
Ari Ani;4 months ago;The perfume smells great, the service is VERY FRIENDLY, the bestðŸ˜˜ â€¦
Abdul Sgild;4 months ago;The service is good, please provide more promotions.
Ratih Budiarti;4 months ago;good service and lots of promos
mochammad syaiful Anwar;4 months ago;The service is very good, don't hesitate to buy here
Riri Nisrina;4 months ago;Great, lots of interesting promotions
Ain Syafwani;4 months ago;
Aqilah Mis'ad;4 months ago;My second time here ðŸ¤­ Love all the perfume â€¦
nur afrina;4 months ago;
mohammad afiq abdullah;4 months ago;Good price
Albert Keynes Hou;4 months ago;Good
sudarman lau;4 months ago;The service is friendly with a complete collection and easy to reach.
Harief Afferoz;4 months ago;Best and must buy
Firhad Mohamed;4 months ago;HMNS is fragrant & the best, it's the choice
Mohamad Fitri Basri;4 months ago;Good value and recommended
Muhamad Hafiz Wildan Hassan;4 months ago;Besttttt!!!!
Hakimi Maslan;4 months ago;The perfume at Jakarta â­ï¸â­ï¸â­ï¸â­ï¸â­ï¸
Jack Setapak;4 months ago;Very good service. The perfume smells good and the price is affordable.
norra shah;4 months ago;best!!! recommend!!!
wak doyok;4 months ago;The best store in town
Adhyatma Ega;4 months ago;The store is great and very complete
maya;4 months ago;smells good
FENNY EVRITA;4 months ago;Bro, Nichol has nice lips...hehe
Okvitalita Sandra;4 months ago;Nichol okay de â€¦.
Dies Alawiyah;4 months ago;Brother Nichol is cool
echa bmn;4 months ago;We sell quality perfume with a fresh scent and a reasonable price. Awesome ðŸ‘ðŸ‘ â€¦
Ridho Alfianoor;4 months ago;Cool, fragrant and friendly
Nadia;4 months ago;
Nor Mahani Khamis;4 months ago;Very friendly & helpful. Nichol & Dewi.. very supportive.
Noor Azwadj Othman;4 months ago;Very friendly and helpful ..nichol and dewi
WanDa;4 months ago;Nichol dan Dewi very nice especially Nichol very knowlegable and warm. Will come again insyaAllah. All the way from Msia..
Yulitta Kristi;Edited 4 months ago;Nice place, humble & helpful staffs, very good quality of products. Their perfumes smell really good!
Meysi Matheos;4 months ago;
Listya Anggraeni;4 months ago;The ladies and gentlemen really help us in guiding the right fragrance for us to love
Juliana Seth;4 months ago;Best service from Dewi and Rike.. ðŸŒ¹ â€¦
Muhammad Zaid;4 months ago;Bought my first hmns product here. Nice shopping experience..
Nur Alisa Mohamad Azri;4 months ago;One stop perfume place to go to that you guys should check out when in Jakarta.
Ayu Wulandari;4 months ago;Friendly all the employees love ðŸ«¶ðŸ»ðŸ«¶ðŸ» â€¦
Bebasari Indah;4 months ago;
Haris Khaer;4 months ago;The staff are friendly, serve well and politely.
Marketing Sany;4 months ago;The og is the best
Purwa Prasetya;4 months ago;The perfume product is okay.
Translated by Google;See original (Indonesian);î£œ
Ivo Giovanni;4 months ago;
Mentari Halimun;4 months ago;
Eva Christina;4 months ago;
fara yusof;4 months ago;Good morning
Rahila Rahman;4 months ago;best perfume
anis sayuti;4 months ago;
Hadi Darno;4 months ago;
Tamara Adriana;4 months ago;
Najla Hanifah;4 months ago;It smells really good
rana refliana;4 months ago;
Ashila Vibie Humaira;4 months ago;Nice!
Atika Zahra;4 months ago;The service very helpful especially kak nichol, eventho itâ€™s full of human, respect!
Azzura Arzellia;4 months ago;love here!!!
Nada Aprilia Febrin;4 months ago;nice experience trying on perfumes
Ahmad Thaqif Bin Anisham -;4 months ago;The service was superb.
Misbahul Huda;4 months ago;A very good choice of perfumes, lots of variants
Nisa Lau;4 months ago;ðŸ‘ðŸ» â€¦
Nurul Nabilla;4 months ago;Love the staff very friendly and polite
Nor A.;4 months ago;A must to visit when youâ€™re in Jakarta! I went to thr store in Alun Alum Indonesia and was attended by the scent philosopher, Nichol. He is very friendly! ðŸ©· â€¦
Najwa Natasha;4 months ago;
Puszafa zafarbel;4 months ago;The scent philosopher Nichol was really nice,they had range of perfumes that you can definitely try.
R. Bayu;4 months ago;Best perfume
rizka hutami;4 months ago;Buy here, lots of gifts and promos ðŸ’“ðŸ’“ðŸ’“ â€¦
Mahda Lisaldi;4 months ago;I've shopped here twice, and the perfume is always nice.
Mia Ibrahim;4 months ago;Best Perfume
Alfiq Abd Aziz;4 months ago;
atika shahira;4 months ago;Sister Dewi and Sister Aulia give good service ðŸ˜ðŸ˜ðŸ˜ â€¦
Shahrul Fuad;4 months ago;Best, Sis Dewi & Sis Aulia good service ðŸ‘ðŸ» â€¦
Nadia Husnul Aini;4 months ago;Good service
Melissa Ginting Soraya;4 months ago;
syarifah hidayati;4 months ago;So excited at the store, got lots of freebies, yuhuuu
Alda Nadya;4 months ago;Nice service
ishmah azzahra;4 months ago;nice
Ivana Natasha;4 months ago;One of my fav local brands, they have unique scents and interesting story telling behind every product
Annisa Nurliana;4 months ago;best service and quality perfume
Arumi Selana;4 months ago;The perfume is really good
syarifah amaliyah;4 months ago;It's so much fun here.
 and we're helped by Nikchol;" Hmns Best Perfume.""";Translated by Google
winda purnamasari;4 months ago;It's really exciting, there are lots of good perfume scents for outdoors... the service is also good, lots of promos
Ribut Ade Septiani;4 months ago;Sir, Sir, you are very kind, very helpful
Celica Evi Nurviyanti;4 months ago;Friendly service
Translated by Google;See original (Indonesian);î£œ
Muhammad Erza;4 months ago;Nice perfumes
Lea Khalib;4 months ago;Staff is very helpful and friendly, had a good time here!
Elza Abelia;4 months ago;Nicol staff, best service, gave me a try on the fragrance until I liked it.
Jovanna Abigail;4 months ago;I've bought it again for the fourth time, never fails to amaze me
Nabiilah Astrid;4 months ago;Friendly, fast, and clearly explained the product. It was a pleasure to receive such excellent service!
Erna Putri;4 months ago;The staff are absolutely amazing! From the moment I walked in, I was greeted in a friendly manner, and they explained the products in detail without being too long-winded. Their customer service was also pleasant, making me feel comfortable â€¦
flw tyne;4 months ago;The service is top-notch! The staff are friendly, helpful, and explain HMNS products clearly yet relaxed. No matter what I ask, they answer patiently and help me choose the right one. Overall, shopping here is really comfortable.
rahmaa nuraini;4 months ago;Yesterday I went to the HMNs store and met some very helpful staff. I really liked how cheerful they were when they helped me choose the perfume. Thank you HMNs.
Dedy Dedy;4 months ago;"I'm really happy when I buy Hmns, the staff are very friendly, cheerful and serve it, so I feel like I'm enjoying it, I'm not afraid of being rude if I ask a question,"" it will improve your mood if you buy thereðŸ¤© â€¦"
Antoni Wibowo;4 months ago;The large male employee (who wore makeup) was so rude to customers that I didn't want to buy anything...
cut shalsabilla;4 months ago;Everyone loves the smell.
Fitriyanti Sitorus;4 months ago;The service is really good
Hadi Abdul Malik;4 months ago;
EFND JEANS;4 months ago;
Zalfa Hasna N.;5 months ago;The sales person is very nice and very helpful
Bagas Rizki Hertanto;5 months ago;nice service and good quality
Amir Amri Abd Razak;5 months ago;Parfume mendoonia.
Izzati Sofia;5 months ago;The service is really great!
Nor Nadiah Shuhaimi;5 months ago;Staff so nice assist us with the perfect perfume ðŸ˜ â€¦
Muhammad Ammar Firdaus Bin Ja'afar;5 months ago;
jho Dizet;5 months ago;Best, the new variant is gong
Translated by Google;See original (Indonesian);î£œ
Phit Herlambang;5 months ago;
Zalfa Alya Suparto;5 months ago;The sister is friendly, if you have an orgasm you can get a free sample ðŸ«¶ðŸ» â€¦
Indah Agustina;5 months ago;The service is really good and the sister is super fun. Highly recommended!!!!ðŸŒ¹ðŸ’ â€¦
althca 246;5 months ago;SUPER RECOMMEND BUY HERE!!! THE BROTHER IS VERY GOODâ¤ï¸â¤ï¸â¤ï¸â¤ï¸â¤ï¸â¤ï¸
Rheysifa Addya;5 months ago;Very, very, nice experience here! Perfumes are great, services are better! Would definitely repurchase the orgsm series and might be more <3
Muhammad Kautsar Nizar;5 months ago;Thank you for the service, sis! All the staff are very friendly. Super recommended for shopping here.
farhah zafira;5 months ago;the service is very friendly and responsive
miftahun nimah;5 months ago;
Duta Armada;6 months ago;The best, SA very friendly and kind .. love all the perfume very much.
Waty Shahz;6 months ago;
rifa yasmyn;6 months ago;
Nur Athirah Daud;6 months ago;Mr Syarif gave me the best service ever!!! Also recommended me some of best sellers perfume in here ðŸ¥¹ðŸ‘ðŸ» will come here again and btw im from malaysia â€¦
NURHIDAYAH ABD RAZAK;6 months ago;Staff Agry good service, friendly and gratis!
Nadeea Fitters;6 months ago;HNMS ALL TIME FAVOURITE ðŸ˜ðŸ˜ðŸ˜ SURE WILL REPEAT, THANKS TO MS AGRY GOOD SERVICE NYAAA YAAðŸ˜ â€¦
Ni komang Krisnayani;6 months ago;Vauzyah Thank you for the satisfactory service
Raja Sogovan Damanik;6 months ago;
NoorRilhikam Abdul Hakam;6 months ago;Wowwww.. love more this perfume.. the staff is also nice.. miss Dewi â¤ï¸
Anita Ahmat;6 months ago;very good
PUTERA FARITH ZHAFRY BIN MOHAMED FAIROL;6 months ago;The service is really good
Jayati Sahaja;7 months ago;
Fanny Solina;7 months ago;There are lots of gifts if you buy at the offline store
Aldo Agussandy;7 months ago;very good service
Eddy Kurniawan;7 months ago;The service is friendly, the staff patiently explains the characteristics of the perfume and helps you choose one that suits your personality. Just choose whether you want manly or feminine, there are also unisex options. Don't forget to come by, it's at Grand Indonesia Mall...
Hafizah Abd Kadir Matussin;7 months ago;Unrosed - sexy soft feminine scent! Really suits my personalityâ€¦
Chris Lentina Siagian;7 months ago;
iman zahirudin;7 months ago;Very nicee
Winna Panjaitan;7 months ago;Another level for experience of scents â¤ï¸
aroma86 ekaputra;7 months ago;Just tried the second one, hopefully this time I like the scent more
Mohd Sulaiman;7 months ago;It's very safe here ðŸ¥° â€¦
Salman Ramadhan;7 months ago;Good service and I was treated well until I got the perfume I liked, if I'm not mistaken the employee's name is Hafiz. Good luck, I hope your career goes smoothly, bro. And the others are also nice, smile, greet, and greet. HMNS Grand Indonesia is the best
claudia fortuna;7 months ago;fell in love at first sniff with the aroma of darker shade of orgm, recommend kaka dewi very good service bintang kejora I also give, best employees hmns grand indonesia are very friendly ðŸ™ðŸ» â€¦
Faizah;7 months ago;smells good, so fragrant that it makes other people look at us when we pass by
Gia Aulfa;7 months ago;The scent lasts all day, love it!
Dita Lodot;7 months ago;The scent is nice and long lasting ðŸ‘ â€¦
Mohammad Syarif;7 months ago;Thanks for any recommended
Nadiah Hafiz;7 months ago;Wide range of luxurious perfumes! Staff is very friendly n helpful.
Elle Salleh;7 months ago;Thanks partner for recommended perfume
Izyan nurhanis Ismail;7 months ago;good experience. nice perfume
Eiman Danieal;7 months ago;The customer service is magnificent and really helpful
Aslinda Abdul Karim;7 months ago;Thank u syariff(scent philosoper) for recommendation perfume
zulia ahmad;7 months ago;
mazizah salim;7 months ago;Superb service by Nicole. Nice perfumeðŸ˜ â€¦
HERWIT DAYATANI;7 months ago;I really like all the Humans perfume variants. The scent is long-lasting and the price is affordable.
MUHAMMAD ARIFF IRFAN BIN AMINUDDIN A19DW1180;7 months ago;very good service.
Nurul Huda Zainal;7 months ago;Best perfume and staff
nordiana zainal;7 months ago;Nice perfume smell and good treat from the staff
nurliza zainal;7 months ago;nice smell and greats
Anandita Putri;7 months ago;smells fresh
Dhiyaa Zulaika;7 months ago;The service is good, friendly & worth every penny
Saira H.;7 months ago;Friendly staff. Perfume smells good. Sapot lokal!!
Nursuhaila Marudin;7 months ago;Love all the scent!
Noorhafiszah Md Noor;7 months ago;Smell good ðŸ˜
;;î£œ
Yudhi Dwistira;7 months ago;Very good quality and very friendly service.
Tengku Eliza;7 months ago;
NURUL HUSNIYAH ABAS;7 months ago;It's so great to be able to come here. Great service. Awesome from Malaysia.
sznty azmn;7 months ago;Good service by Hafis & Rike & Agry
Zuhairah Zolkaply;7 months ago;Nice smell. Rike and Hafis are very good
zul AD;7 months ago;The Best Local Perfume in Jakarta, Indonesia
Tina House;7 months ago;Store assistant nya keren bangett.. very helpful with latest promotion & good bargains. â€¦
Atiqah Romli;7 months ago;Friendly staff & good service
Fauzan Iqbal;7 months ago;The perfume is great, the scent lasts a long time, I will come again
syaqila azman;7 months ago;Good customer service and friendly staff
M I;7 months ago;Perfume smells good. Recommended
Supparuek Krengwittayatorn;7 months ago;Thanks great and quality
Normala Binti Sabran;7 months ago;The staff is nice and handsome too. The pregnant female staff is also very nice.
Noor Ekhram;7 months ago;HmNs, it's really nice to welcome you all.. thank you..
Nadira Hud;7 months ago;The staff is friendly, the service is also very good
Nurul nadiah Bidi;7 months ago;
Nad Ahmad;7 months ago;Hafis attend to us fast n very good. Warmth and keep smiling.. keep it up
ain;7 months ago;
disya novianti;7 months ago;shoutout to Ka Hafis and Ka Syarif for helping us out to choose the best onesðŸ¤©ðŸ¤©ðŸ¤© â€¦
Nadia Al;7 months ago;Recommended! Go to Hafis to buy, heâ€™s the best ðŸ‘ðŸ¼ðŸ‘ðŸ¼ðŸ‘ðŸ¼ â€¦
Aideed SS;7 months ago;BEST PERFUME IN JAKARTA!
Nurul Syazana Yahaya;7 months ago;Love most of the scenes! The service is 5 stars too
Mimi Yahaya;7 months ago;An excellent perfume, love it
Nurul Syairah Yahaya;7 months ago;Absolute favourite!! A must buy perfumes in Jakarta
Ailya Suhaidi;7 months ago;My go-to! Love their range of perfumes
Rafael Citra Ditama;7 months ago;
Daniel King;7 months ago;Okay
Dini Meandrianawati;7 months ago;
Annisa Putri;7 months ago;Stock very complete. The staff very helpfull âœ¨
emmy rz;7 months ago;Love the perfume
;;î£œ
Rozaireen Binti Ibrahim;7 months ago;More choices of perfumes & friendly staff
;;î£œ
Nona Hendra;7 months ago;Thank you partner HMNS, Nice service, good attitude, and good performa
Muhammad Raihan Fuad;7 months ago;
Syamaizar Riandi;7 months ago;Best local fragrance!
Salma;7 months ago;My favoooo
Felicia;7 months ago;Extremely friendly and helpful customer service
Farishah Aleyah Azlan;7 months ago;Thank you Hafis for the amazing service :)
Norain Hashim;7 months ago;Amazing service by Hafis :)
adam haqimie;7 months ago;
ahmad muzakynizam;7 months ago;Fragrant
Achon Achon;7 months ago;One of the most favorite local perfumes
larasati puri ratna;7 months ago;The most complete hmns store. The staff is helpful.
Translated by Google;See original (Indonesian);î£œ
Syahirah Adha;7 months ago;The best experience to buy from HMNS Jakarta. I recently purchased a perfume from the store, and I must say, the salesperson Hafis, was incredibly helpful. He suggested several scents that suited my preferences perfectly. His friendly â€¦
Fatimah Fauzi;7 months ago;I recently purchased HMNS perfume and I am absolutely thrilled with it! The scent is delightful and long-lasting. Itâ€™s perfect for both everyday wear and special occasions. â€¦
Colour Beads;7 months ago;The sister is very friendly, I've bought hmns 3 times and never get bored
Muhamad Rifai;7 months ago;One of my favorite perfumes! The staff (Mr. Hafis) is very friendly and very helpful.
Dobol ted;7 months ago;"The variety is good"""
huns;7 months ago;First time trying to come directly to the offline store at Grand Indonesia, the scents are all delicious. I was helped by Nichol, the service was very friendly and helpful.
julie md zahdi;7 months ago;Get the orgsm!
Nad iah;7 months ago;Great experience with helpful staff.
Nur Hayati;7 months ago;The smell is delicious and very nice.
Adilaksmana Eventindonesia;7 months ago;Best perfume advisor! Satisfied with the service and explanationðŸ‘ðŸ» â€¦
Fikri Zalfaqih;7 months ago;Best
Ferdy Ferdy;7 months ago;nice store, perfect scents
Nick Zakir;7 months ago;Mr Syarif and Ms Dewi are so helpful in deciding the perfume â¤ï¸
;;
Translated by Google;See original (Malay);î£œ
Muhammad Tarmizi;7 months ago;The staff are professionals and they know what to recommend. Kudos to Hafis and Agry!
Suzami Junaidah;7 months ago;The best perfume ever..i will purchased this perfume again.
Risa Damayanti Tarihoran;7 months ago;The perfume is really good, the scent is unique, and the service is friendly and excellent. It's the best shopping here.
MUHAMMAD NAZREEN SHAH BIN HABEEB RAHMAN;7 months ago;Wonderful shopping experience here. Definitely will come for more here
Alif Azrin;7 months ago;Staff name SYARIF MANTAPPPP
Anas Firdaus;7 months ago;The staff, Dewi and Syarif, are friendly. They are very helpful and informative. The products are excellent, international-level.
ashraf fardzli;7 months ago;Amazing selection!!
muhadi 75;7 months ago;
Louiciana Pattiwael;7 months ago;A satisfying shopping experience at HMNS Grand IndoðŸ¥° â€¦
Ravena Viyanka;7 months ago;the staff are v nice & helpful <3
Iqbal Ghiffari;7 months ago;The smell is so delicious
Meidy Chandra Asmadita;7 months ago;The staff is friendly and very helpful. The stock is complete and the store is strategically located.
Ari Rudianto;7 months ago;best
ibung tanjung;7 months ago;It's fun, the older brother is friendly and funny
samuel antonius;7 months ago;Very good.!!
Muhammad usuf;7 months ago;nice
Lidan Isbar;7 months ago;really top
amalia fakhrunnisa;7 months ago;Good quality good service
hrryshfzie;7 months ago;good! the price is reasonable. service 100/1
hamiza ramli;7 months ago;Fragrant perfume.. suitable for men and women. Besttttt best SA
Noor Hafiza Ramli;7 months ago;Best selection of trendy scent
SMW;7 months ago;
febby ananda;7 months ago;its cool servise, thx u for mas nichol!
Norhayati Mahyuddin;7 months ago;Nice smell.
kusnul khotimah;7 months ago;The service is very good, I enjoy shopping at HMNS,
NUR FARAH NABILA KHAIRUN NASRI;7 months ago;Excellent services and very friendly
Wardina Khairun;7 months ago;Friendly, and helpful staff. Great perfume choices, Overall great service ! 10/10
Mastura H.;7 months ago;I had my first experience trying a local brand. Hafis is very helpful and friendly. We bought 2  of 100 ml parfums in total.
Amira Saidin;7 months ago;Smells like expensive perfume. Staff service is very good.
Nur Amnani Rosman;7 months ago;HMNS the best smell and the best perfume
Kay Deen;7 months ago;Nice people. Awesome service. Keep up the good work folks.
No Phenk;7 months ago;I've bought perfume/eau de toilette here twice, the product is good, the bottle quality is good, and the service is also good.
Muhammad Ramadhiansyah;7 months ago;
nur ayla nathalia muhammad hilmi;7 months ago;amazing smell ðŸ©·ðŸ©· â€¦
Lily Chandra;7 months ago;Good and friendly service
Kana Art;7 months ago;Again and again we bring guests and shop here
Norazleen Che Noh;7 months ago;Very good service,luv it so much
Firda Septiani Nauli;7 months ago;Really like one of my favorite local brands
ketika pagi;7 months ago;Hmns perfect store
aes aes;7 months ago;Awesome... the brothers are friendly
Ginanjar Erwin;7 months ago;Good, friendly and honest service
Hazim Zuraimi;7 months ago;Good Perfume Stop CentreðŸ¥¶
;;î£œ
Ahmad Daniell Noor Azmi;7 months ago;Staff is so helpful. Affordable perfume with various choices of scent. Go find Agry and Hafiz ASAP!!
nabiella azmi;7 months ago;Great service. Agry is good.
;;î£œ
Cindy Clarestan;7 months ago;Local perfume that makes you wonder at the smell, just passing by GI for fun but so I automatically bought 2 because it really smells luxurious
Ummai Zainal;7 months ago;Great experience! We even got freebies!
Ummi Zainal;7 months ago;Very good service and helpful in getting the best perfumes!
YASMIN FIKRIYAH;7 months ago;Love the perfumes and the staff were very friendly and helpful
ahmad zahir;7 months ago;Great fragrance and helpful staff to make purchase for suitable perfume
MF. Dewantara Almismary;7 months ago;Very fast service, staff explained things well and were very friendly. Best perfume
Jazzy;7 months ago;I really like it when the staff at GI are very friendly, Mr. Nichol, thank you for your helpðŸ©·ðŸ©· â€¦
Amelda Evans;7 months ago;Best local parfume from indonesia
Siti Aminah Hay;7 months ago;Bought 3 eau de parfum here. Love the smell and reasonable price
SYED AIZAM;7 months ago;Fragrant
Shila Adinda Putri;7 months ago;Enjoy shopping here, the staff are friendly and polite.
siti aishah mohamed yusop;7 months ago;Friendly staff..and the perfume smells really good
raihan afrinaa;7 months ago;Perfume smells really nice and long lasting. Staff also friendly and helpful when recommending the scent.
Siti Fatima Mohamed Yusop;7 months ago;Everything smells good and is reasonably priced.
violetta shalbrenda;7 months ago;
Farah Rahman;7 months ago;
Lutfia Safitri;7 months ago;the location is easy to find ðŸ¥° â€¦
Zam Zam;7 months ago;Excellent perfume
yor anamnese;7 months ago;
Farissul Islam;7 months ago;Very good
Christy Suherman;7 months ago;Best service!! â¤ï¸
alhafis gaunna;7 months ago;Subscription perfume
Zur Ain Binti Hanafi;7 months ago;Nice service. Very good quality perfume
Jay Boncit;7 months ago;Good service and friendly
Diyana Shah;7 months ago;The smell is so nice.
Zulaikha Ariffin;7 months ago;Good service from the staff! Nice smell of perfumes :)
Carl Ludwi;7 months ago;Local best!
Kalep;7 months ago;Good
Gaga Gaga;7 months ago;Thank you, sis Nicole.
Shofi Sheva;7 months ago;The perfume and air freshener smell really nice, the service is friendly and they really know their products... The best in short... I bought this at GI.... thank you
Louis Dio;7 months ago;Good and Fast Service
Rani Dwi Silvia;7 months ago;Great service! Lots of great promotions!
Nandita Kayla;7 months ago;The smell is very fragrant and the staff is friendly.
heci moci;7 months ago;The staff is friendly, really helpful in choosing a good perfume, love it
Sharifah Sheikh Walid;7 months ago;Sales representative (Hafis) was a great promoter and very helpful!  (GI branch) 16/08/2025
Ardent Religian;7 months ago;love the fragrance!
Nur Damayanti;7 months ago;It smells really good
CH Hani;8 months ago;
Wazien Ikhwan;8 months ago;Good service. Fast and straightforward.
Rena Amelia;8 months ago;SatisfyingðŸ˜ â€¦
Salasiah Tanjong;8 months ago;
Bayu Prasetyo Anwar;8 months ago;Wow, HMNS is really cool, the best local perfume so far.
Naim Z;8 months ago;Buyers from Malaysia. Awesome
Amirah Syafiqah;8 months ago;great service!!! love Agry ðŸ¥° â€¦
ery;8 months ago;The best employees, the perfume is delicious. Let's buy Malaysians
Maghrib Razak;8 months ago;Best place, Malaysians must come looking for perfume. Perfect price and smells great. Lots of free gifts âœ¨âœ¨
Vinny Kartika;8 months ago;The staff is very cherrfully, very friendly. Lovee staff hmns GIâ¤ï¸â¤ï¸â¤ï¸ðŸ«°ðŸ»ðŸ«°ðŸ»ðŸ«°ðŸ»ðŸ«°ðŸ»ðŸ«°ðŸ»ðŸ«°ðŸ»ðŸ«°ðŸ»the fragrance is really nice city series, recommended by sis dewiðŸ¥°ðŸ¥° â€¦
Melinda;8 months ago;Having a great experience here with Hafis. Heâ€™s very helpful and knowledgeable about the product. Ended buying 1 juta here.
Shaharani Trimaulina;8 months ago;Perfume recommendationðŸ‘ðŸ»ðŸ«¶ðŸ» â€¦
Dina Arianti;8 months ago;Very friendly service, bestðŸ¥°ðŸ’—ðŸ™Œ â€¦
Qaiser Faris;8 months ago;Unique scents and value for money
Daniel Azim;8 months ago;Had a superb experience at the offline store. Hafis is friendly, helpful and assisted with our purchased really well.
Thira Mazlan;8 months ago;Good !
Sharifah Hass;8 months ago;The scents here are very similar to some higher end perfumes. My favourite was Alpha (for males) and Darker Shade of Orgasm. The shop is easy to find, and the two ladies serving me were very helpful, warm and cheerful! Thank you.
Mullah zebra;8 months ago;Best and friendly service thank youhhhhh
Annatasha Mohamad Fathie;8 months ago;The employees are friendly and helpful. Hopefully they open a branch in Malaysia.
Aziem Mohamad;8 months ago;All Sales person friendly and helpful â¤ï¸
Emma;8 months ago;All the staff are friendly and helpful!! Lovee
syukri yusof;8 months ago;100%
Man Man;8 months ago;Amazing selection of perfumes, from classics to rare finds. Staff are friendly, knowledgeable, and genuinely helpful. Walked out with a scent I love and so many compliments since!
David Archie;8 months ago;Good service!
Siti Maryam;8 months ago;Good
Derich Aunawi;8 months ago;Bought 3 diffusers, all of them are delicious + all the staff are professionalâœ‹ðŸ» highly recommended to try! â€¦
dewankesenian sabang;8 months ago;The smell is luxurious and the service is extraordinary... her smile makes us want to buy another perfume... one test is not enough
Ramadhany Anastasya;8 months ago;Wow, thank you darling for giving a good explanation.. and the scent can really be compared to other products.. my intention was just to accompany you shopping, but I also bought the best one hahaha
Tengku Muhammad Qusyairi T.Amran;8 months ago;Good service
Aiman Hiu;8 months ago;Perfume smells amazing for the price. Definitely worth the buy!
hilyati fairuza;8 months ago;ðŸ’¯ðŸ’¯ â€¦
Melissa Nabila Rosmin;8 months ago;came all the way from malaysia to jakarta just for HMNS, and it was totally worth it! the store smells amazing, staffs were very friendly, helped me find the perfect scent! love the sleek packaging too! cant wait to come back
Hafizah Jin;8 months ago;Really like the smell of Orgsm & untitle human 02
Sadik Said;8 months ago;Good customer service. Nice perfumes. Definitely coming back
Rezal Rumit;8 months ago;Good product, unique fragrance, always popular
Susan Kenedy;8 months ago;Very friendly staff â¤ï¸â¤ï¸
lingling is;8 months ago;Nice perfume,nice service by Mr nichol and ms Devi.
Qayyum Zainal;8 months ago;Mbak dewi and mas nichol was really helpful and thoughtful.
Faezul;8 months ago;Friendly staff
kevin surya;8 months ago;Very friendly service, no need to ask about quality ðŸ«°ðŸ«¶ðŸ«¶ â€¦
Mich N;8 months ago;Rike was patient and efficient in her service. Counter is also very conveniently located in Grand Indo.
Putri Tia Anggraini;8 months ago;Very nice, friendly, helped by Mr. Nichol, very cool
Sirhan Escobar;8 months ago;The scent philosopher was very helpful, really gave a good insight on the perfumes sold
Devi Erma;8 months ago;Shopping at hmns GI is really enjoyable because the service is excellent, the staff are very friendly and patient in explaining the advantages of each product they sell, and the fragrance is also nice. I really enjoy shopping here and will come back again.
Emeer Ellyas;8 months ago;Good service
Emma Larasati;8 months ago;The service is very good. Very helpful.
desi dienih;8 months ago;The staff is very helpful and friendly
Danish Asyraf;8 months ago;Fav smell farhampton and orgsm. Thank u hafis for your kind assistance
Zakaria Patrum;8 months ago;A lot of choice for broad range of perfume for male and female affordable price with decent size. Recommend for you to try sniff them because the friendly will assist and serve you.
P;8 months ago;Very good and sincere service from the staffs at the Grand Indonesia mall. Genuinely enjoyed testing out the fragrances! Highly recommended ðŸ˜¬âœ¨ â€¦
fiqi zaidi;8 months ago;Best perfume already bought 5 perfumes from them !
Bunga Rsl;8 months ago;HMNS is the absolute best! The scent is luxurious, the prices are affordable, the staff at GI are friendly, and the service is truly excellent ðŸ¥° â€¦
Olivia Rivi;8 months ago;good service, and very friendly!!!ðŸ«¶ðŸ» â€¦
Intan Nur Shahira;8 months ago;Very good perfume shop, good customer service, friendly staff. Got free gifts as well. 10/10
Mrah Davin;8 months ago;the fragrance is really long lasting and really nice
Nur Amanina;8 months ago;very good experience and affordable perfumes ever! the bestt ðŸ¥°ðŸ¥°ðŸ¥° â€¦
sab;8 months ago;friendly staff, nice perfume.
Egar Gusti;8 months ago;The staff is friendly and very cheerful. Enjoy shopping at hmns GI.
Ike Rahmawati;8 months ago;Hmm, my favorite is lemon pie.
Zhafran ?_?;8 months ago;Very good and nice
Youlandita Kaka;8 months ago;Mr. Nichol Store GI is very friendly. I was given a free perfume box and its contents. And they were very helpful in choosing perfume according to my taste.
Abinidental Grandwisata;8 months ago;The smell is delicious.
ikromi Dalimunthe;8 months ago;Good
Muhammad Firdaus Abdul Malik;8 months ago;
hilman afiq;8 months ago;Nichol and dewi rendered great assistance and provided good recommendations. Appreciate the service!
TMDanis Chennel Annisa;8 months ago;The perfume is long-lasting and very fresh
Salsabila Amalia;8 months ago;Helpful and friendly staff! Best place to try & sniff HMNS parfume ðŸ˜ â€¦
Tj;8 months ago;The staff are friendly and very helpful :))
abdullah alghamdi;8 months ago;One of their perfumes is good - the one I attached a picture of is excellent - but their after-sales service is very bad âŒâŒâŒ I bought two perfumes and I liked one of them and came back after a few hours to exchange the one I didn't like for â€¦
Purnama 2295;8 months ago;Store Gi Wanginya enak2 but unfortunately there is a female employee with a bad attitude who doesn't respond to customers who want to buy..
Dio Fadhillah;8 months ago;"A little input, the facial expressions and gazes of the staff at this GI branch should probably be controlled, I intended to stop by to sniff & buy the product but had to get a ""side eye"" with an unpleasant stare, finally I decided not to â€¦"
Caroline Lim;8 months ago;It's so fragrant that I'm confused about which one to choose.
Ibnu Ahli sunnah;8 months ago;
Risanto Darmawan;Edited 8 months ago;Great accessories for men and women, best local perfumes. You should have one too
Ernita Agustina;Edited 8 months ago;I really like their perfumes mainly Orgsm and Ambar janma plus Elea, I often buy through online stores. I plan to visit her offline store because of that love me with all their perfumes that never disappoint
farhan johari;8 months ago;Purchase above 1M rupiah, get free 1 bottle of perfume.. buy 3, free 1.
;;î£œ
Jolly Honest;8 months ago;Cool, the perfume smells great
Desinta Fitriani;8 months ago;the fragrance is really good
Magdalena Sihombing;8 months ago;
Satryo Sunu;8 months ago;The staff is friendly, you can claim samples here in the afternoon.
Aditya Rifa'i;8 months ago;the scent really sticks
Jessica Fortunata;a day ago;The perfumes all smell good and the staff are very friendly in explaining the product details ðŸ’– â€¦
nurina thalita;a week ago;The service is very friendly, and I got a discount, hopefully there will be more discounts, hahaðŸ«¶ðŸ» â€¦
Tara Psyahada;a week ago;I really like the scent, my favorite troupe for all situationsðŸ«¶ðŸ» â€¦
Rifaldo;a week ago;Having a good experience at this store. Nice talk and recommendation, also a proper promotion information.
eveline Kie;a week ago;Tasya is very friendly
Galan Abrar;a week ago;Very good service, thank you, Tasya
charlene;a week ago;Her sister is very kind, especially her sister Tasya, she is very kind and patient ðŸ˜ â€¦
Muh. Fikri Khaidar;a week ago;Good service
Yulya Safira;a week ago;
Anisa Putri ruswana;a week ago;Sis Icha is the best, super cool poll, friendly, adorable and cute
Anitaptr;a week ago;The service is very good and Icha is very friendly, very exciting
Mia Julianty Sinaga;a week ago;recommendation
Imelda Amalia;2 weeks ago;Good service and good information
Alvaro Gyani Arfa Kurniawan;2 weeks ago;Saff & co. Saff's fragrance is delicious and long-lasting, and Ka Ica is also friendly and patient in explaining things. God willing, I will order again next time. Thank you Ka Ica...
Rinda Yani Saragi;2 weeks ago;The perfume smells really good.
 the staff is friendly.;;
Translated by Google;See original (Indonesian);î£œ
Shania Aili Putri;2 weeks ago;kind and friendly
Kyle Hyung;2 weeks ago;The service is good, the explanations are all clear and help us to choose, the perfume smells good and lasts a long time
Helen Carolina;2 weeks ago;Best local parfume..MUST TRYâ€¼ï¸ðŸ‘ðŸ» â€¦
Hrd Sbm;2 weeks ago;Parfum the best
ferina callista;2 weeks ago;I always come here every month. I'm a regular customer, all the members are friendly, and the products are really worth it.
Salsabila Putri Rahmania;2 weeks ago;A great service and have so many products.
Ryan Gustya;2 weeks ago;It has a lot of fragrance, recommended for indoor or outdoor use.
Mia Julianty Sinaga;2 weeks ago;Recommend
Andrew Yudhi Hartomo;2 weeks ago;the collection is large, the fragrance is delicious
Rahma Ashara;3 weeks ago;We went directly to the store and the service was super friendly! The staff was very helpful, patiently explaining each perfume variant one by one and didn't pressure us into buying. We were also given time to try them all out until we found the right one.
Bromo Genta;3 weeks ago;good service
HENDRIANTO YAP;3 weeks ago;The smell is great... Anyway, it keeps your wallet safe
Urdha Vish;3 weeks ago;The service is friendly
ego afrigo;3 weeks ago;the best
Jennifer Arlene;3 weeks ago;The service is good and very friendly, the place is also nice and clean
Laurentia Agatha;3 weeks ago;The smell is so delicious, it's amazing.
Yuli Setiawati;3 weeks ago;The smell is delicious and long lasting, the best thing
Dion S.;3 weeks ago;Very fragrant
Translated by Google;See original (Indonesian);î£œ
Yosefine jeanny;3 weeks ago;Pelayanan mantulitii mb ichaaðŸ«¶ðŸ»ðŸ˜˜ â€¦
Dava Aditya;4 weeks ago;Sister Icha, your service is really goodðŸ™ŒðŸ»ðŸ™ŒðŸ»ðŸ™ŒðŸ»ðŸ™ŒðŸ»they all smell good so I'm confused about which one to choose â€¦
Marshella Novitasari;a month ago;cool, friendly, fun
Mg Wnd;a month ago;The fragrance and durability are top notch, worth buying at a good price
liandy susanto;a month ago;The fragrance lasts really long
Raka Pria Nirwana;a month ago;Sales was great, Ka Icha have a good product knowledge and promos! Kudos
Riandiva Pervinatalie;a month ago;The staff are friendly, the smell is nice
Sheren Olivia;a month ago;a very good perfume that last long ðŸ¥°, the staff are also very nice â€¦
kayla tinaya;a month ago;the fragrance is very long lasting and the mba is very helpfull.ðŸ¤ â€¦
Raymond yerry;a month ago;Tasya's sister is informative and friendly, 5 stars in short
SAGA space;a month ago;smells good
Denot Nurwahyudi;a month ago;Recommended and very helpful SPG
Clarissa Annabella Christiani;a month ago;
desman panjaitan;a month ago;The perfume smells good, the sales staff are friendly
Jenny Pangaribuan;a month ago;Good Service
Tji Jamsuli;a month ago;Ms. Tasya, your service is really good.. highly recommended..
Debhora Santoso;a month ago;Friendly, polite and all the variants are delicious
tina tanoto;a month ago;After buying perfume here, the service was so friendly that I was confused about which one to buy â¤ï¸
Novella Vella;a month ago;My favorite chocolate ðŸ¥°ðŸ’– â€¦
Haura Tsabita;a month ago;Her older sister really helped me sniff the perfume
alexandra alessia;a month ago;very friendly service, and recommend the right variantâ€¦ informative
Kiki Kartikasari;a month ago;Honestly, the fragrance is delicious, the price is worth it too..
Meidy Safitri;a month ago;The best and most long-lasting perfume, the best!! The service is also really good
Michelle Excelia wangulimala;a month ago;The perfume is so fragrant...
Lilis Anjung sari;a month ago;Top, really cool, really friendly, Icha & Tasya, Sarangeo â¤ï¸â¤ï¸â¤ï¸â¤ï¸â¤ï¸
Stephani Maria;a month ago;
Alexandra Stevani 28;a month ago;
Niyoww Chienenen;a month ago;The fragrance lasts a long time, it's really nice
???;2 months ago;Mba Icha is very helpful and good attitude.
Gabriela Cahyaraharja;2 months ago;
Grisella Febriani;2 months ago;love the smell! repurchasing irai leima & ostara all the timeee
Vincent Andrias;2 months ago;
Meinita Angelina;2 months ago;Favorite perfume!!! I really like the smell, coincidentally there is a store now. So you can try the variants first before buying ðŸ˜ â€¦
Carren priscilla;2 months ago;I really like the Luoi NTA perfume, it lasts a long time, I only spray it once
Lisari Ramadhanty;2 months ago;Loved my experience at the Saff & Co booth in Summarecon Mall Serpong.
 kind; were super patient;" and really took the time to â€¦"""
Sukini Amukk;2 months ago;the service is good ðŸ¤©ðŸ‘ðŸ» â€¦
Stevanny Clarissa;3 months ago;The service is 10/10, the staff was very helpful ðŸ˜Š â€¦
Fibriani Effendi;3 months ago;
Indra Gunawan;3 months ago;
Ting Ting Oey;3 months ago;Great fragrance, affordable price dbest
Tasya Amelia;3 months ago;
kadek danayasa;3 months ago;Nice place, nice aroma
sunny 8998;4 months ago;cool, suitable for looking for gifts
Opan Syaputra;4 months ago;The service is good, the staff is very helpful ðŸ‘ðŸ‘ â€¦
Davin Lim;4 months ago;top!
kioo;4 months ago;Good
Putri Rahmadhani;4 months ago;The lady is nice and friendly, highly recommended, the perfume smells good
NONNY NG;4 months ago;
Ruriet Arianti;4 months ago;Good products and very good service from their staff.
Muhammad Arfah;4 months ago;The service is good and friendly
King;5 months ago;
Mustache Mustache;6 months ago;100% The perfume smells really good, I really like it
KyleHanell Lie;6 months ago;The perfume is great, there are some that are really manly, really cool
cia grac;6 months ago;
skyla skyla;6 months ago;
Mitha ardha;6 months ago;I really like that Saff n Co boots are finally available and I can smell their newest perfume. Thank you to my sugar baby Erlangga Ardhan Pratama for buying them ðŸ˜˜ â€¦
Aqilah Adzra;6 months ago;
Veve Tian;7 months ago;The staff is friendly and the product is really good. Thanks
safubot gading serpong;7 months ago;Long lasting fragrance, recommendation, detailed explanationðŸ¥°ðŸ˜ â€¦
Ahmad Omon;7 months ago;The display is neat, there are many perfume varieties, the service is good.
Villya Azzahra;7 months ago;Yesterday I bought it here, Sis Siti served me with super good service, detailed explanation, the perfume is also long-lasting, I just reviewed it today because I wanted to check the durability of the perfume ðŸ¥°ðŸ¥°ðŸ¥° â€¦
Renhard RJ;7 months ago;The perfume is fresh, the staff is friendly
Yervan Ferdinand;7 months ago;good service
Ahmad Omon;7 months ago;The staff is friendly, the perfume smells good, lots of varieties
Cintya;7 months ago;Good service, the sister explained very slowly ðŸ«¶ðŸ»ðŸ¤ â€¦
Eisya Delasfera;7 months ago;Everything smells good and when I bought it, the staff named Siti was kind, friendly, and fun. Love SitiðŸ«°ðŸ» â€¦
zhavir RFB;7 months ago;Recommended parfume ðŸ‘ â€¦
Harmonila Dental Care;7 months ago;Ka tasya and ka siti are the best, really great
Yemima Agustinus;7 months ago;
Cicillia Samanta;7 months ago;Good parfume
Helen Budijanto;7 months ago;The product is very good. The service is also satisfactory.
LICE YUNITA;7 months ago;The fragrance lasts long
Alenaaa;7 months ago;the perfume smells nice
Anela Sungkana;7 months ago;Good scent
gwen;7 months ago;Good service, the perfume smells really good!! Recommended!
Tiffany Fiorencia;7 months ago;very fragrant, friendly service
Kelele Mimimi;7 months ago;good, fragrant, very friendly staff, 100% recommended
Nathalia M;7 months ago;The besttttðŸ˜ðŸ˜ðŸ«¶ðŸ» â€¦
Sherly Triyani;7 months ago;The service is very friendly.
 there's no question about it.;;
Translated by Google;See original (Indonesian);î£œ
Muhamad Fahri Putra Pratama;7 months ago;Saff & Co customers are welcome to get a discount promo and an additional bonus of 2 ml perfume.
Benedicta Vanesha;8 months ago;It's so much fun, you can sniff it straight away, Siti is so friendly, I bought it straight away!!
Frederica;8 months ago;The perfume always smells so good! And the scent lasts so long ðŸ˜ â€¦
Christovin Sparrow;8 months ago;The service is good and the perfume smells good
Ckendyh Lim;8 months ago;
celin jojo;8 months ago;The perfume smells good... the ladies are friendly
Mustika Rengganis;8 months ago;Long lasting fragrance
Ratih Rosalina;8 months ago;The fragrance is topppp, the waiter is cool, explaining the details is topppp
Jonathan Christandy Simamora;8 months ago;GOOD GREAT COOL I LIKE SAFF & CO
iva fibriani;8 months ago;Good perfume
Amei Beng mei;8 months ago;
Daniel Novianto;8 months ago;The perfume is great and long lasting
Hey Mel TV;8 months ago;The perfume is long-lasting, smells really good & the staff are friendly too.
Vanni Liu;8 months ago;
muhammad rafli;8 months ago;Good fragrance and packaging
Tia Rin;8 months ago;
Martinus willy;8 months ago;her brother is kind and friendly
vanessa flo;8 months ago;Ms. Siti is very kind, her service is super good. I will definitely continue to be a regular customer.
willy ardi;8 months ago;His sister is beautiful, her name is Siti.
Karel Alexander;8 months ago;Shop n drive
Mila Nurhayati;8 months ago;The scent is fresh and sweet but doesn't make you dizzy, the longer you use it, the fresher it becomes.
Wulan Sari Ningsih;8 months ago;It smells really good
siu chen;8 months ago;I love the fragrances... I'm confused about which one to choose.... They smell really good ðŸ˜ â€¦
niken ayu;8 months ago;Complete variants and good service
Kimdun Love;8 months ago;It smells delicious... the lady is very friendly ðŸ‘ðŸ˜Š â€¦
afrida azizah;8 months ago;The service is really excellent, the perfume is really nice and long lasting.
Shidqi Muwaffaq;8 months ago;The fragrance lasts long
Abdillah Hammam;8 months ago;long lasting fragrance
Iki Rjb;8 months ago;Miss, she's beautiful â¤ï¸
Rizki Fadli;8 months ago;The ladies are very friendly
Ratih Dipa;8 months ago;Staff ramah bgtt
tia hestia;8 months ago;Finally, there is an offline store in Serpong
Wawanadi wijaya;8 months ago;Strategic location
utuz queen;8 months ago;nice fragrances
Tasya Aprilia;8 months ago;The service is good and friendly, the perfume is really nice, the Ostara one
Indah Rizky Febrinanda Tito;8 months ago;The service is very good, helpful and I got a decent discount.
Readynata mahersyah Nahyudin;9 months ago;The sales assistant explained the product well, the staff's attitude was good and friendly.
Sportby Tipsy;9 months ago;The perfume is delicious, highly recommended
Andre Saputra Mayan Pandilih;9 months ago;ðŸ«¶ðŸ«¶ðŸ«¶ â€¦
William Nugroho;9 months ago;The fragrance lasts long!
Brenda Laurence;9 months ago;The pop-up is so cute, the staff is super friendly and helpful!! I would definitely repurchase here!ðŸ¤—ðŸ«¶ðŸ» â€¦
Chelsea Alexandria Renatha Julianne Tamba;9 months ago;The pop up is really interesting, the staff are all nice and the service is nice
celine g;9 months ago;
Dedi Muhrozi;9 months ago;The service is good and the explanation to consumers is complete.
christian jonathan;9 months ago;The service is friendly and responsive
Yudha Guruh Hutomo;9 months ago;Finally present at Summarecon Serpong
Reza Winata;9 months ago;Very good service
Nur Sya Bannia;9 months ago;Long-lasting perfume, many new variants ðŸ¥°ðŸ˜Š â€¦
jenny halim;9 months ago;Wangiii nyaa awet, my fav local brand perfume ðŸ¥° â€¦
Azmi Arrasyid;9 months ago;The service is very interesting
rofa firyal;9 months ago;very good service
tania alindrona;9 months ago;The smell is delicious.
Hawt _ Sauce;9 months ago;The place is really cool and the perfume is also nice
ressario wibisono;9 months ago;Good
Nur Hardian;9 months ago;complete there is also a new variant of kirithra
JP Marbun;9 months ago;good product and friendly staff
marina prawira;9 months ago;Staff probably. Sample sample complete.
Mami Nelo;9 months ago;Lots of bonuses, smells good..
Natalie Marbun;9 months ago;The scent is really attractiveðŸ˜ â€¦
Sarah Pamela Lucynda Tambunan;9 months ago;It smells good, the sales person is friendly
Theresya Rafaela;9 months ago;The waiter was nice and the perfume was fragrant and the tester was complete.
Naomi Christabel Aritonang;9 months ago;good service, friendly!!
Glen Sudjaja;9 months ago;good
soraya visser;9 months ago;It smells good.. the sales are also nice and friendly
Yes Faw;9 months ago;The perfume smells very fresh and long lasting
nayla andhini;9 months ago;delicacy taste of flavours, natural indgredients and scene, powerfull trancendence fume
Anggriawan Elrond;9 months ago;Good taste , strong perfume, incredible packaging
Desy Liana;9 months ago;
Talissa Alexandra;9 months ago;Nice place
Firda Herlina Dewi;9 months ago;The service is good, there are many variants and the fragrance is really delicious.
Mirella Kirsty;9 months ago;The service is sooooo good, the scent is soooooo good! Love saff&co so much
Rudy Febrian;9 months ago;Good
Ikmal Muhammad;9 months ago;I like Maleali and Solaris. The drydown is nice. The staff is also friendly. Thanks.
Syafi M;9 months ago;Good perfume with affordable price
C G;9 months ago;
Intan Khairunnisa;9 months ago;Good service, the perfume smells really good! Got lots of discounts too
Nadha Salma;9 months ago;Saff & Co. already has a booth at SMS, so come stop by ðŸ¤© â€¦
Dinda Putut Ayu Juwita;9 months ago;Sotb perfume lasts all day, I love the scent. Best
Dwi Thasya Febryanti;9 months ago;The service is good & it's perfect that there's a discount ðŸ¤— â€¦
Reza Aditya Pratama;9 months ago;All good, good service and very welcoming. I bought here and will come again.
anna farhatul auliya;9 months ago;good service
Uncle J;9 months ago;Smells so good âœ¨ðŸ¤ðŸ» â€¦
Rudy Martha;9 months ago;The fragrance is fresh, long-lasting, and doesn't cause headaches. The price is also very affordable.
sonya natalia;9 months ago;Good service, clear explanation
Christian Yudhistira;9 months ago;Friendly service, top notchðŸ”¥ â€¦
elaine keisha;9 months ago;Love the vibe and the service! ðŸ’– The place is really cozy, perfect for hanging out or some me-time. The food is also delicious and well-presented. Definitely will come back again! â­â­â­â­â­ â€¦
Daniel Tanuwijaya;9 months ago;The product is complete and you can sniff it as much as you want.
Sri Dewi Alfiana Hsb;9 months ago;The scent is delicious, I prefer the Annabel Lee cloud mist scent...it smells really lecy
nuraini 1972;9 months ago;Friendly service, friendly staff
" Saff & Co.""";ãƒ»;See original (Indonesian)
wynda sudi;9 months ago;Like all the variantsâ¤ï¸
muhammad ilham;9 months ago;There's no doubt about the quality of Saff & Co.'s products. They're a top choice every time you buy perfume. Continued success, Saff & Co.
Eru IlÃºvatar;9 months ago;Amazing product and friendly service
Natasha Lilani;9 months ago;Amazing and friendly service, great and long lasting smelling perfumes too!ðŸ˜ â€¦
Ryando Fenta;9 months ago;Finally there is a store... The guys are very friendly... They also provide solutions
Bryant John;9 months ago;All the perfumes here smell really good, they're all nice. The service is very friendly.
Bryant Elite;9 months ago;I recommend buying perfume here, it's really good
Robby Hermawan;9 months ago;New store, met Irai Leima, smells great :)
Aidyl Shandy Saputra;9 months ago;Saff&co lovers will definitely be very happy to buy Saff&co perfume and complete
Faith Afkar;9 months ago;The place is really cool, so it's easier if you want to look for Saff n Co perfume
fahri Salmansyah;9 months ago;makes it easier for people who like Saff & Co perfume and are close by to buy it, no need to buy it online which is quite a long wait
Aulina Rahmi;9 months ago;Good perfume and the perfume lasts quite long, the staff is good at explaining all the perfume variants that we are interested in, thank you saff n co!
Bagas Aditya Nugroho;9 months ago;The service is very friendly!!!! ðŸ’ž10/10 â€¦
Rizka Eltsani;9 months ago;nice experience to shop here, the BA is very helpfull to recommend the products. would be glad to be back here
Tommy Sumanto;9 months ago;Really like Kirithra
Muhamad Yunas;9 months ago;The service is very friendly and really helpfulðŸ™ŒðŸ» â€¦
yuli jeje;9 months ago;Nice and friendly
jeje;9 months ago;Nice & friendly
Velis;9 months ago;Good and friendly
77xielette;9 months ago;staff very helpful, good service
dejan firmansyah;9 months ago;The sales person was very helpful regarding the perfume I was looking for.
sherry jovanna;9 months ago;Very good
Abel Nagohan;9 months ago;Very good
Davina Alexandra;9 months ago;Sales are very helpful, and help the shopping experience
gracesia aryndhita putri;9 months ago;the perfume smells good
Anastasia Cacha;9 months ago;The perfume is really nice
Audrey Joana;9 months ago;The perfume smells nice
Howard Liusansky;9 months ago;Fragrant, the employees are friendly, really cool, humble tooðŸ˜ â€¦
Vanessa Setiaanggara;9 months ago;it smells really good ðŸ«¶ðŸ» â€¦
Debby Cynthia;9 months ago;The service is friendly, patient, and you can test all the perfume scents comfortablyâœ¨
Lani Hamdani;9 months ago;The service is very friendly, it smells really goodðŸ¥° â€¦
Leonardo Oktavianus;9 months ago;A unique experience in perfume shopping!
anase tasia;9 months ago;It smells really good ðŸ‘ðŸ‘ðŸ‘ All the brothers are nice and friendly, top markotopp â€¦
Fica Cecilia;9 months ago;
